{
 "-0.35": {
  "strain_pct": [
   0.0,
   4.1,
   8.3,
   12.7,
   17.3
  ],
  "gb_frac": [
   0.005344585091420534,
   0.004788732394366197,
   0.003951453570420547,
   0.003400396712949844,
   0.003973885892705081
  ],
  "intra_frac": [
   0.1319268635724332,
   0.09915492957746479,
   0.07790008467400508,
   0.06857466704448853,
   0.0584728924212319
  ],
  "intra_clusters": [
   114.0,
   93.0,
   77.0,
   80.0,
   68.0
  ]
 },
 "-0.25": {
  "strain_pct": [
   0.0,
   4.1,
   8.3,
   12.7,
   17.3
  ],
  "gb_frac": [
   0.00510783200908059,
   0.004261363636363636,
   0.004558404558404558,
   0.003417829678154372,
   0.0031294452347083927
  ],
  "intra_frac": [
   0.11237230419977298,
   0.08323863636363636,
   0.07236467236467237,
   0.06778695528339504,
   0.0577524893314367
  ],
  "intra_clusters": [
   111.0,
   82.0,
   88.0,
   72.0,
   62.0
  ]
 }
}