{
 "poly_flow_stress_at_14pct": [
  [
   0.012377758503610461,
   0.009027211516893141,
   0.007380426565850467
  ],
  [
   0.009732302066850171,
   0.006361344591823084,
   0.005039958895919565
  ],
  [
   0.006332603413643977,
   0.003893269292203051,
   0.0029974029834252815
  ],
  [
   0.003998198102315417,
   0.002107627157669856,
   0.001162707020220711
  ],
  [
   4.0626663866916236e-13,
   2.031333193345812e-14,
   -1.015666596672906e-14
  ]
 ],
 "poly_flow_stress_sd": [
  [
   0.0004580389582284037,
   0.00011054048011391151,
   0.00069085358233735
  ],
  [
   0.0002511036516741352,
   0.00044099330387916633,
   0.0003500815069540204
  ],
  [
   0.0003865437746758538,
   0.00020855891117684284,
   0.0004393752457335616
  ],
  [
   0.00019300738095601842,
   8.448634854578714e-05,
   0.00017457522284687043
  ],
  [
   7.788580208631663e-13,
   7.18184737932074e-15,
   1.900138211970364e-14
  ]
 ],
 "poly_core_retention": [
  [
   0.691775669579906,
   0.5451924518018939,
   0.45643951896755447
  ],
  [
   0.7577063853592264,
   0.6124382642052266,
   0.538926316630704
  ],
  [
   0.7490447845804988,
   0.6123979591836735,
   0.46455215419501134
  ],
  [
   0.78570307140685,
   0.6480312491896569,
   0.5339007503483003
  ],
  [
   0.0,
   0.0,
   0.0
  ]
 ],
 "rate_exponent_m_vs_r": {
  "-0.35": 0.18649349312304644,
  "-0.3": 0.23734228275543556,
  "-0.25": 0.26977141824662887,
  "-0.2": 0.4454655862813841,
  "-0.15": NaN
 },
 "quad_multiplication": {
  "r": [
   -0.35,
   -0.3,
   -0.25,
   -0.2
  ],
  "onset_pct": [
   11.056508163602686,
   10.779559265439097,
   15.583040558729856,
   12.732802103993057
  ],
  "sigma_peak": [
   0.025457513371334044,
   0.0199011096517176,
   0.014859421074226978,
   0.008656335997770307
  ]
 },
 "cyclic_amplitude_scan": {
  "amps": [
   0.005,
   0.01,
   0.02,
   0.03
  ],
  "recovery_pct_per_cycle": [
   2.48241341991342,
   2.8993501283697047,
   2.9558982683982684,
   3.7421630094043885
  ],
  "last_cycle_dissipation": [
   6.517861811844157e-07,
   1.6855008025459224e-06,
   2.1017282718472418e-05,
   8.117398107422103e-05
  ]
 }
}