{
 "m_vs_r": {
  "r": [
   -0.35,
   -0.3,
   -0.25,
   -0.23,
   -0.21,
   -0.2
  ],
  "m": [
   0.18649349312304644,
   0.23734228275543556,
   0.26977141824662887,
   0.38080173945676693,
   0.40185255373863205,
   0.4454655862813841
  ],
  "lo": [
   0.16376343544052568,
   0.22142096847519208,
   0.24829890985349634,
   0.36776658639488774,
   0.3753730536316419,
   0.40926508441981424
  ],
  "hi": [
   0.20812224760820866,
   0.25223524290753935,
   0.3145793122160026,
   0.39528426557378893,
   0.42404721911426846,
   0.47935826960935823
  ]
 },
 "quad_threshold": {
  "r": [
   -0.34,
   -0.32,
   -0.3,
   -0.28,
   -0.26,
   -0.24,
   -0.22,
   -0.2,
   -0.18
  ],
  "onset_mean": [
   10.779559265439097,
   9.40514007728619,
   10.779559265439097,
   9.952849559798093,
   15.583040558729856,
   15.00728533651394,
   14.1490255669539,
   12.732802103993057,
   11.056738954351152
  ],
  "onset_sd": [
   0.0,
   0.0,
   0.0,
   0.0,
   0.0,
   1.7763568394002505e-15,
   1.7763568394002505e-15,
   0.0,
   0.2264105470417506
  ],
  "sigma_crit_mean": [
   0.023838484440227403,
   0.020571073903765308,
   0.019564499353251937,
   0.017021396014373243,
   0.015043075580642882,
   0.012731885305958321,
   0.01032398038168992,
   0.008099170140819968,
   0.0051907083533951955
  ],
  "sigma_crit_sd": [
   1.2395175971626085e-08,
   1.1331489426324306e-08,
   2.63327390142258e-07,
   2.4268931962603123e-08,
   3.8570536684871426e-07,
   2.767485196628791e-07,
   5.048741347254245e-07,
   2.591051962864275e-07,
   0.00029498759551228643
  ],
  "sigma_crit_linear_fit": [
   -0.11231447023975327,
   -0.014492398542988708
  ],
  "sigma_crit_zero_at_r": -0.1290341174387624
 }
}