{
 "ok": true,
 "r": [
  17.506502960147607,
  23.49871905269533,
  29.490935145243053,
  35.48315123779078,
  41.4753673303385,
  47.46758342288622,
  53.45979951543395,
  59.45201560798168,
  65.4442317005294,
  71.43644779307712,
  77.42866388562484
 ],
 "distortion": [
  -0.021246513983258608,
  -0.01989491384335601,
  -0.01923745525614895,
  -0.01690957304564117,
  -0.018279696041465288,
  -0.01825995999790797,
  -0.016612201988775332,
  -0.017826680307819254,
  -0.01818211520452606,
  -0.01767750914653482,
  -0.018005498372235307
 ],
 "inv_r_amp": NaN,
 "r2_of_1overr_fit": NaN
}