{
 "ok": true,
 "r": [
  13.586836151541947,
  18.994916083815227,
  24.4029960160885,
  29.811075948361783,
  35.21915588063506,
  40.62723581290834,
  46.03531574518161,
  51.443395677454895,
  56.851475609728176,
  62.25955554200145,
  67.66763547427473
 ],
 "excess_energy": [
  0.00029067984855507545,
  -0.00011185034013069459,
  -0.00019791167719608246,
  -0.0001599112306531099,
  -0.00019039314941364863,
  -0.00020063855696292668,
  -0.00023067314820531676,
  -0.00023070482923380486,
  -0.00018770876192896607,
  -5.075300681252337e-05,
  -1.1471215671472745e-05
 ],
 "decay_exponent_p": NaN,
 "r2_of_powerlaw": NaN,
 "note": "elastic dislocation -> p~2 (energy density ~ 1/r^2)"
}