{
 "diffusive": {
  "label": "diffusive",
  "ok": true,
  "mobility_M": 0.9297624955450362,
  "v": 0.010619949078982874,
  "tau": 0.0015743495847611588,
  "gamma_hold": 0.03,
  "t": [
   30.0,
   60.0,
   90.0,
   120.0,
   150.0,
   180.0,
   210.0,
   240.0,
   270.0,
   300.0,
   330.0,
   360.0,
   390.0,
   420.0,
   450.0,
   480.0,
   510.0,
   540.0,
   570.0,
   600.0,
   630.0,
   660.0,
   690.0,
   720.0
  ],
  "glide": [
   7.853981633974492,
   7.853981633974492,
   7.853981633974492,
   7.461282552275769,
   7.461282552275769,
   7.461282552275769,
   7.461282552275769,
   11.780972450961734,
   11.388273369262997,
   10.995574287564288,
   10.995574287564288,
   10.995574287564288,
   11.388273369263011,
   11.388273369263011,
   10.995574287564288,
   10.995574287564288,
   10.995574287564288,
   6.675884388878323,
   14.922565104551516,
   14.922565104551516,
   14.529866022852794,
   14.529866022852794,
   14.529866022852794,
   14.529866022852794
  ],
  "n_cores": [
   2.0,
   2.0,
   2.0,
   2.0,
   2.0,
   2.0,
   2.0,
   2.0,
   2.0,
   2.0,
   2.0,
   2.0,
   2.0,
   2.0,
   2.0,
   2.0,
   2.0,
   2.0,
   2.0,
   2.0,
   2.0,
   2.0,
   2.0,
   2.0
  ]
 },
 "mpfc_beta10": {
  "label": "mpfc_beta10",
  "ok": true,
  "mobility_M": 1.0510694199089499,
  "v": 0.011997241510447962,
  "tau": 0.0015732609532671804,
  "gamma_hold": 0.03,
  "t": [
   30.0,
   60.0,
   90.0,
   120.0,
   150.0,
   180.0,
   210.0,
   240.0,
   270.0,
   300.0,
   330.0,
   360.0,
   390.0,
   420.0,
   450.0,
   480.0,
   510.0,
   540.0,
   570.0,
   600.0,
   630.0,
   660.0,
   690.0,
   720.0
  ],
  "glide": [
   7.853981633974492,
   7.853981633974492,
   7.853981633974492,
   7.461282552275769,
   7.461282552275769,
   7.461282552275769,
   7.461282552275769,
   7.461282552275769,
   11.780972450961734,
   11.388273369262997,
   10.995574287564288,
   10.995574287564288,
   10.995574287564288,
   11.388273369263011,
   11.388273369263011,
   10.995574287564288,
   10.995574287564288,
   10.995574287564288,
   15.315264186250253,
   14.922565104551516,
   14.922565104551516,
   14.529866022852794,
   14.529866022852794,
   14.529866022852794
  ],
  "n_cores": [
   2.0,
   2.0,
   2.0,
   2.0,
   2.0,
   2.0,
   2.0,
   2.0,
   2.0,
   2.0,
   2.0,
   2.0,
   2.0,
   2.0,
   2.0,
   2.0,
   2.0,
   2.0,
   2.0,
   2.0,
   2.0,
   2.0,
   2.0,
   2.0
  ]
 }
}