{
 "diffusive": {
  "label": "diffusive",
  "ok": true,
  "mobility_M": -4.709338948169415,
  "gamma": [
   0.002,
   0.004,
   0.006,
   0.008,
   0.01,
   0.012,
   0.014,
   0.016,
   0.018000000000000002,
   0.020000000000000004,
   0.022000000000000006,
   0.024000000000000007,
   0.02600000000000001,
   0.02800000000000001,
   0.030000000000000013,
   0.032000000000000015,
   0.034000000000000016,
   0.03600000000000002,
   0.03800000000000002,
   0.04000000000000002
  ],
  "tau": [
   0.0009960425260274741,
   0.001081274398437998,
   0.001170774757489057,
   0.001263031732378489,
   0.0013550912751451871,
   0.0014434981853404805,
   0.0015219236504729339,
   0.0015876021892090308,
   0.0016603683907628897,
   0.0017397908263182271,
   0.0018112668327859016,
   0.001866211699289716,
   0.0019313868136749957,
   0.001997495464589605,
   0.0020443276046305803,
   0.0020999194088461293,
   0.0021470140480588096,
   0.0021837569525416656,
   0.0022157044736979825,
   0.0022339788413941464
  ],
  "sep": [
   89.53539062730908,
   89.53539062730908,
   89.53539062730908,
   89.53539062730908,
   89.53539062730908,
   90.32078879070653,
   74.61282552275759,
   75.39822368615502,
   75.39822368615502,
   75.00552460445631,
   60.47565858160351,
   60.47565858160351,
   60.47565858160351,
   60.47565858160351,
   46.33849164044943,
   46.33849164044943,
   32.201324699295384,
   32.201324699295384,
   17.27875959474386,
   17.27875959474386
  ],
  "v": [
   0.0,
   0.0,
   0.0,
   0.0,
   0.003926990816987228,
   -0.07461282552275747,
   -0.07461282552275755,
   0.003926990816987157,
   -0.001963495408493543,
   -0.07461282552275755,
   -0.072649330114264,
   0.0,
   0.0,
   -0.07068583470577039,
   -0.07068583470577039,
   -0.07068583470577025,
   -0.07068583470577025,
   -0.07461282552275762,
   -0.07461282552275762,
   0.0
  ],
  "n_cores": [
   2.0,
   2.0,
   2.0,
   2.0,
   2.0,
   2.0,
   2.0,
   2.0,
   2.0,
   2.0,
   2.0,
   2.0,
   2.0,
   2.0,
   2.0,
   2.0,
   2.0,
   2.0,
   2.0,
   2.0
  ]
 },
 "mpfc_beta10": {
  "label": "mpfc_beta10",
  "ok": true,
  "mobility_M": -4.759510465111446,
  "gamma": [
   0.002,
   0.004,
   0.006,
   0.008,
   0.01,
   0.012,
   0.014,
   0.016,
   0.018000000000000002,
   0.020000000000000004,
   0.022000000000000006,
   0.024000000000000007,
   0.02600000000000001,
   0.02800000000000001,
   0.030000000000000013,
   0.032000000000000015,
   0.034000000000000016,
   0.03600000000000002,
   0.03800000000000002,
   0.04000000000000002
  ],
  "tau": [
   0.0010002807649539536,
   0.001084681380755792,
   0.001172980166243981,
   0.0012647663423515088,
   0.0013569188445777813,
   0.0014461675921714767,
   0.001527030794121892,
   0.0015942444054825589,
   0.001664318375563939,
   0.0017434525858076033,
   0.0018176679086531755,
   0.00187479045078362,
   0.0019366987687001458,
   0.0020049716502497372,
   0.0020554613430583124,
   0.002107780291051714,
   0.00216073727441618,
   0.0021959551394987176,
   0.0022353379120799988,
   0.002256238205277511
  ],
  "sep": [
   89.53539062730908,
   89.53539062730908,
   89.53539062730908,
   89.53539062730908,
   89.53539062730908,
   90.32078879070653,
   75.39822368615502,
   75.0055246044563,
   75.39822368615502,
   75.39822368615502,
   75.39822368615502,
   60.47565858160351,
   60.47565858160351,
   60.47565858160351,
   46.33849164044943,
   46.33849164044943,
   39.26990816987241,
   31.41592653589794,
   16.493361431346415,
   17.27875959474386
  ],
  "v": [
   0.0,
   0.0,
   0.0,
   0.0,
   0.003926990816987228,
   -0.07068583470577032,
   -0.07657632093125116,
   0.0,
   0.001963495408493614,
   0.0,
   -0.07461282552275755,
   -0.07461282552275755,
   0.0,
   -0.07068583470577039,
   -0.07068583470577039,
   -0.035342917352885125,
   -0.07461282552275747,
   -0.11388273369262997,
   -0.07068583470577039,
   0.007853981633974456
  ],
  "n_cores": [
   2.0,
   2.0,
   2.0,
   2.0,
   2.0,
   2.0,
   2.0,
   2.0,
   2.0,
   2.0,
   2.0,
   2.0,
   2.0,
   2.0,
   2.0,
   2.0,
   2.0,
   2.0,
   2.0,
   2.0
  ]
 }
}