{
 "bicrystal_gb_distance": {
  "bic3d_n128c10_r-0.3": {
   "exx": 0.09405140077286189,
   "profile": [
    0.5951219512195122,
    0.21,
    0.16,
    0.0
   ],
   "n_lines": 1
  },
  "bic3d_n160c10_r-0.3": {
   "exx": 0.09405140077286189,
   "profile": [
    0.4878048780487805,
    0.1,
    0.0,
    0.0
   ],
   "n_lines": 6
  },
  "bic3d_n192c15_r-0.3": {
   "exx": 0.09405140077286189,
   "profile": [
    0.6146341463414634,
    0.22,
    0.2425,
    0.26
   ],
   "n_lines": 2
  },
  "bic3d_n80c5_r-0.3": {
   "exx": 0.09405140077286189,
   "profile": [
    0.3902439024390244,
    0.0,
    0.0,
    0.0
   ],
   "n_lines": 2
  }
 },
 "poly3d_window": {
  "r": [
   -0.2,
   -0.25,
   -0.3,
   -0.35
  ],
  "relax": [
   100,
   400
  ],
  "modulus": [
   [
    0.020462218837112522,
    0.016930489395421723
   ],
   [
    0.028221465986080302,
    0.0239634317404725
   ],
   [
    0.03886042825929421,
    0.023434648363079055
   ],
   [
    0.054152222954861606,
    0.04064311296309607
   ]
  ],
  "flow7": [
   [
    0.000962996416802738,
    0.0007669018874892702
   ],
   [
    0.0013322141020976814,
    0.0009912687533973495
   ],
   [
    0.0017957442345853162,
    0.0010215804878921906
   ],
   [
    0.0025369780894699844,
    0.0018938596525862731
   ]
  ]
 }
}