{
 "source": "cu_stem_idr.json",
 "total_line_length_m": 1.3640405397969077e-05,
 "projected_area_m2": 4.1812070399999995e-12,
 "as_built": {
  "lambda_area_m1_foil_native": 3262312.8363356716,
  "volume_density_m2_by_convention": {
   "foil_z600": 21272253758057.33,
   "thickened_z3_1800": 7090751252685.776,
   "thickened_z5_3000": 4254450751611.466,
   "thickened_z10_6000": 2127225375805.733
  }
 },
 "relaxed_from_cell_policy_audit": {
  "foil_z600": {
   "volume_density_m2": 12549778097794.9,
   "lambda_area_m1": 1924633.9690778258,
   "line_length_relaxation_fraction": 0.59
  },
  "thickened_z3_1800": {
   "volume_density_m2": 4362955924959.945,
   "lambda_area_m1": 2007308.7619555714,
   "line_length_relaxation_fraction": 0.6153
  },
  "thickened_z5_3000": {
   "volume_density_m2": 2718212717787.815,
   "lambda_area_m1": 2084325.5119996963,
   "line_length_relaxation_fraction": 0.6389
  },
  "thickened_z10_6000": {
   "volume_density_m2": 1458432275169.191,
   "lambda_area_m1": 2236651.7371994713,
   "line_length_relaxation_fraction": 0.6856
  }
 },
 "lambda_area_m1_foil_native": 3262312.8363356716,
 "volume_density_m2_by_convention": {
  "foil_z600": 21272253758057.33,
  "thickened_z3_1800": 7090751252685.776,
  "thickened_z5_3000": 4254450751611.466,
  "thickened_z10_6000": 2127225375805.733
 },
 "note": "Lambda_A (projected line density) is the foil-native observable (independent of z). Volume density rho = Lambda_A / z_eff is convention-dependent (rho ~ 1/zbox). Report TWO states: AS-BUILT (the STEM reconstruction geometry, foil-native) and RELAXED (the DDD-legalized simulation initial condition; line length relaxes to ~0.59-0.69). Always quote rho with its z_eff/zbox convention AND its state (as-built vs relaxed)."
}