{
 "diffusive": {
  "M": 1.1327221455506138,
  "tau_c": 0.0001072747648860379,
  "r2": 0.8419568610865454
 },
 "mpfc": {
  "M": 1.5317175851842895,
  "tau_c": 0.0006462743495653971,
  "r2": 0.9713422912163755
 }
}