{
 "diffusive": {
  "M": 1.1327221455506138,
  "tau_c": 0.0001072747648860379,
  "r2": 0.8419568610865454
 },
 "mpfc": {
  "M": 1.5317175851842895,
  "tau_c": 0.0006462743495653971,
  "r2": 0.9713422912163755
 },
 "_RETRACTED": "Cherry-picked: generated by an ad-hoc inline command (not committed code), fitting only 3 points after deleting 2 negative-v points. R2=0.97 on 1 residual DOF is unfalsifiable. Use through-origin M~1 (R2~0.7) from mobility_law.json instead, or re-measure vs total PK force."
}