{
 "C11": 169.878,
 "C12": 122.586,
 "C44": 76.206,
 "K": 138.35,
 "mu_voigt": 55.181999999999995,
 "mu_reuss": 40.339536064472796,
 "mu_hill": 47.7607680322364,
 "nu_voigt": 0.32397412341142245,
 "ddd_mu": 54.6,
 "ddd_nu": 0.324,
 "potential": "Cu_mishin1.eam.alloy"
}