{
 "modulus_3d": [
  [
   0.057271263938953786,
   0.04506510205423727
  ],
  [
   0.04144228042148208,
   0.025730781951918472
  ],
  [
   0.029765970388634735,
   0.025458541721582857
  ],
  [
   0.021607957585792086,
   0.017936979142013
  ]
 ],
 "flow_stress_3d_at_5pct": [
  [
   0.002165492751317078,
   0.001668435619294406
  ],
  [
   0.001627640465000216,
   0.0009855491171277936
  ],
  [
   0.001107314963721784,
   0.0008545425448794101
  ],
  [
   0.0008238173423656416,
   0.0006695372078779481
  ]
 ],
 "rate_exponent_3d_vs_r": {
  "-0.35": 0.1880996627742573,
  "-0.3": 0.36189118739342513,
  "-0.25": 0.18692070678224942,
  "-0.2": 0.1495801325162019
 }
}