{
 "alpha_direct": 0.4801225755234477,
 "alpha_direct_std": 0.1559047722409258,
 "n_seeds": 8,
 "predicted": 0.69,
 "uniform": 0.43
}