{
 "alpha_geometric": 0.47579951484476457,
 "junction_inventory": {
  "self": 0.4180670057302167,
  "Hirth": 0.46962202233017986,
  "collinear": 0.11231097193960343
 },
 "alpha_resampled_mean": 0.4837926283465749,
 "alpha_resampled_std": 0.016189510654643025,
 "alpha_resampled_p5": 0.4670904959716208,
 "alpha_resampled_p95": 0.5112102454581211,
 "n_systems": 4,
 "macro_uniform": 0.43250140049258873,
 "note": "alpha_network from measured a_ij + STEM junction inventory; resampling quantifies the geometric-Burgers uncertainty."
}