{
 "dissipation_per_cycle": [
  5.563151968104047e-06,
  7.113840886580335e-06,
  2.533938720063062e-06,
  2.4531958433852525e-06,
  2.3740388180952603e-06,
  2.293745282416132e-06,
  2.2133341720628222e-06,
  2.1329077170276826e-06
 ],
 "annihilation_cycle": 1
}