{
 "quadrupole \u00b13%": {
  "dissipation": [
   5.563151968104047e-06,
   7.113840886580335e-06,
   2.533938720063062e-06,
   2.4531958433852525e-06,
   2.3740388180952603e-06,
   2.293745282416132e-06,
   2.2133341720628222e-06,
   2.1329077170276826e-06
  ],
  "end_cores": [
   4,
   0,
   0,
   0,
   0,
   0,
   0,
   0
  ]
 },
 "polycrystal \u00b11%": {
  "dissipation": [
   4.877799185935389e-06,
   4.054686631292823e-06,
   3.917856644049548e-06,
   1.7883697303750914e-06,
   1.5502857760489169e-06,
   1.2069864152102099e-06,
   1.3201662959740065e-06,
   1.052507818745736e-06
  ],
  "end_cores": [
   156,
   134,
   130,
   124,
   121,
   119,
   116,
   113
  ]
 }
}