{
 "lo": {
  "rho_level": "lo",
  "rho_target": 3000000000000.0,
  "types": {
   "coll_opp": {
    "n": 3,
    "tau_RSS_mean": 52.91937065277429,
    "tau_RSS_sd": 4.226066699503261,
    "sigma_mean": 129.62545560851174,
    "schmid": 0.408248290463863,
    "L_mf_mean": 1271585.3346703753,
    "S_store_mean": 13273754491925.49,
    "rho_forest_settled": 16131081835637.086,
    "plateau": true,
    "drift_ok": false,
    "drift": 0.1612118796184586,
    "drift_values": [
     0.136,
     0.297,
     0.051
    ],
    "drift_abs_max": 0.2972837171415908,
    "amb_ok": true,
    "schmid_ok": true,
    "starved": false,
    "readable_count": "0/3",
    "readable": false
   },
   "coll_same": {
    "n": 3,
    "tau_RSS_mean": 52.796251807187595,
    "tau_RSS_sd": 4.080349931261437,
    "sigma_mean": 129.32387725910385,
    "schmid": 0.408248290463863,
    "L_mf_mean": 752249.6286943605,
    "S_store_mean": 30076563767400.996,
    "rho_forest_settled": 16132043471034.713,
    "plateau": true,
    "drift_ok": false,
    "drift": 0.11116003773975285,
    "drift_values": [
     0.063,
     0.091,
     0.179
    ],
    "drift_abs_max": 0.17922303441751963,
    "amb_ok": true,
    "schmid_ok": true,
    "starved": false,
    "readable_count": "0/3",
    "readable": false
   },
   "glissile": {
    "n": 3,
    "tau_RSS_mean": 54.89843435541477,
    "tau_RSS_sd": 4.026633098257788,
    "sigma_mean": 123.6674889772709,
    "schmid": 0.4439196979693237,
    "L_mf_mean": 19421.194882086354,
    "S_store_mean": 1337894394301788.2,
    "rho_forest_settled": 16082112578879.104,
    "plateau": true,
    "drift_ok": false,
    "drift": 0.032028900940677486,
    "drift_values": [
     0.029,
     0.005,
     0.062
    ],
    "drift_abs_max": 0.062050415612177764,
    "amb_ok": true,
    "schmid_ok": true,
    "starved": false,
    "readable_count": "2/3",
    "readable": false
   },
   "hirth": {
    "n": 3,
    "tau_RSS_mean": 47.7224709500119,
    "tau_RSS_sd": 4.182392346894482,
    "sigma_mean": 97.03814620383396,
    "schmid": 0.4917908350162442,
    "L_mf_mean": 1679021.077906345,
    "S_store_mean": -5003577268643.481,
    "rho_forest_settled": 16141049687256.945,
    "plateau": true,
    "drift_ok": false,
    "drift": 0.04287943688940132,
    "drift_values": [
     0.007,
     0.06,
     0.062
    ],
    "drift_abs_max": 0.06174786690734647,
    "amb_ok": true,
    "schmid_ok": true,
    "starved": false,
    "readable_count": "1/3",
    "readable": false
   }
  },
  "R_RSS_coll_over_gliss": 0.9639504527610397,
  "R_L_gliss_over_coll": 0.015273213957851112,
  "R_S_coll_over_gliss": 0.009921376865363662,
  "R_RSS_opp_over_same": 1.002331961860405,
  "R_RSS_coll_over_hirth": 1.1088983784642252
 },
 "hi": {
  "rho_level": "hi",
  "rho_target": 30000000000000.0,
  "types": {
   "coll_opp": {
    "n": 2,
    "tau_RSS_mean": 8.847967886042227,
    "tau_RSS_sd": 0.0006523641905680222,
    "sigma_mean": 21.673006581335393,
    "schmid": 0.408248290463863,
    "L_mf_mean": 4588752.375040892,
    "S_store_mean": -6112697493738.744,
    "rho_forest_settled": 147866212523960.75,
    "plateau": true,
    "drift_ok": true,
    "drift": -0.025733299554574953,
    "drift_values": [
     -0.03,
     -0.022
    ],
    "drift_abs_max": 0.029570593160225558,
    "amb_ok": true,
    "schmid_ok": true,
    "starved": false,
    "readable_count": "2/2",
    "readable": true
   },
   "coll_same": {
    "n": 2,
    "tau_RSS_mean": 8.932349660079888,
    "tau_RSS_sd": 0.04917493161597086,
    "sigma_mean": 21.879698871318492,
    "schmid": 0.408248290463863,
    "L_mf_mean": Infinity,
    "S_store_mean": -11130662223174.379,
    "rho_forest_settled": 148136011024598.75,
    "plateau": true,
    "drift_ok": true,
    "drift": -0.02922689348670622,
    "drift_values": [
     -0.035,
     -0.023
    ],
    "drift_abs_max": 0.03519687495111385,
    "amb_ok": true,
    "schmid_ok": true,
    "starved": false,
    "readable_count": "2/2",
    "readable": true
   },
   "glissile": {
    "n": 2,
    "tau_RSS_mean": 8.948874739664731,
    "tau_RSS_sd": 0.23402705856744976,
    "sigma_mean": 20.15876921118992,
    "schmid": 0.4439196979693237,
    "L_mf_mean": 129601.42602001589,
    "S_store_mean": 118765512139734.28,
    "rho_forest_settled": 150244915131561.0,
    "plateau": true,
    "drift_ok": true,
    "drift": -0.004475668342465313,
    "drift_values": [
     -0.025,
     0.016
    ],
    "drift_abs_max": 0.025122831539923313,
    "amb_ok": true,
    "schmid_ok": true,
    "starved": false,
    "readable_count": "2/2",
    "readable": true
   },
   "hirth": {
    "n": 2,
    "tau_RSS_mean": 7.6933130372398875,
    "tau_RSS_sd": 0.35944069180868965,
    "sigma_mean": 15.643465655446327,
    "schmid": 0.4917908350162442,
    "L_mf_mean": 240397.38801028318,
    "S_store_mean": 66283892149619.84,
    "rho_forest_settled": 151647490568591.38,
    "plateau": true,
    "drift_ok": false,
    "drift": -0.02789879380442685,
    "drift_values": [
     -0.051,
     -0.005
    ],
    "drift_abs_max": 0.0512925019786134,
    "amb_ok": true,
    "schmid_ok": true,
    "starved": false,
    "readable_count": "1/2",
    "readable": false
   }
  },
  "R_RSS_coll_over_gliss": 0.9887240735223114,
  "R_L_gliss_over_coll": 0.028243281708758793,
  "R_S_coll_over_gliss": -0.051468624044215906,
  "R_RSS_opp_over_same": 0.9905532388174663,
  "R_RSS_coll_over_hirth": 1.1500855149417646
 },
 "density_lever": {
  "R_RSS_3e12": 0.9639504527610397,
  "R_RSS_3e13": 0.9887240735223114,
  "G_tau": 1.025700097645385,
  "R_L_3e12": 0.015273213957851112,
  "R_L_3e13": 0.028243281708758793,
  "G_L": 1.8492035655822454,
  "R_RSS_opp_over_same_lo": 1.002331961860405,
  "R_RSS_opp_over_same_hi": 0.9905532388174663,
  "gates_ok": false,
  "strict_gate_verdict": "AMBIGUOUS",
  "mechanism_verdict": "DRIFT_LIMITED_BOUNDED_NEGATIVE",
  "gate_reasons": [
   "lo_coll_opp gate fail (plateau=True drift_ok=False amb_ok=True schmid_ok=True starved=False)"
  ],
  "mechanism_reasons": [
   "R_RSS coll/glissile ~1 at both densities (0.964,0.989); no density gain (G_tau=1.03)",
   "coll_opp/coll_same ~1 (1.002/0.991)",
   "no growth toward canonical target ~2.3",
   "strict gate AMBIGUOUS (low-density collinear forest drift) limits formal interpretation; result robust to it"
  ]
 }
}