{
 "lo": {
  "rho_level": "lo",
  "rho_target": 3000000000000.0,
  "types": {
   "coll_opp": {
    "n": 2,
    "tau_RSS_mean": 51.11277389832736,
    "tau_RSS_sd": 4.122873284912,
    "sigma_mean": 125.20021538914862,
    "schmid": 0.408248290463863,
    "L_mf_mean": 1344236.0722268969,
    "S_store_mean": 13083444981499.787,
    "rho_forest_settled": 16571646265065.547,
    "plateau": true,
    "drift_ok": false,
    "drift": 0.2165102926356013,
    "drift_values": [
     0.136,
     0.297
    ],
    "drift_abs_max": 0.2972837171415908,
    "amb_ok": true,
    "schmid_ok": true,
    "starved": false,
    "readable_count": "0/2",
    "readable": false
   },
   "coll_same": {
    "n": 2,
    "tau_RSS_mean": 51.10425597132514,
    "tau_RSS_sd": 4.047880138614545,
    "sigma_mean": 125.17935081432691,
    "schmid": 0.408248290463863,
    "L_mf_mean": 982553.4810320276,
    "S_store_mean": 18749122424689.64,
    "rho_forest_settled": 16570699313817.89,
    "plateau": true,
    "drift_ok": false,
    "drift": 0.07712853940086944,
    "drift_values": [
     0.063,
     0.091
    ],
    "drift_abs_max": 0.09137761949144385,
    "amb_ok": true,
    "schmid_ok": true,
    "starved": false,
    "readable_count": "0/2",
    "readable": false
   },
   "glissile": {
    "n": 2,
    "tau_RSS_mean": 53.07090974599612,
    "tau_RSS_sd": 3.7816825049024523,
    "sigma_mean": 119.55069799507632,
    "schmid": 0.4439196979693237,
    "L_mf_mean": 26433.81304132392,
    "S_store_mean": 581821336152979.2,
    "rho_forest_settled": 16514970748182.922,
    "plateau": true,
    "drift_ok": true,
    "drift": 0.017018143604927354,
    "drift_values": [
     0.029,
     0.005
    ],
    "drift_abs_max": 0.02921577666002672,
    "amb_ok": true,
    "schmid_ok": true,
    "starved": false,
    "readable_count": "2/2",
    "readable": true
   },
   "hirth": {
    "n": 2,
    "tau_RSS_mean": 45.754005907521545,
    "tau_RSS_sd": 3.8228320319525793,
    "sigma_mean": 93.03549934193111,
    "schmid": 0.4917908350162442,
    "L_mf_mean": 1679021.077906345,
    "S_store_mean": -2903076268450.002,
    "rho_forest_settled": 16577471821049.617,
    "plateau": true,
    "drift_ok": false,
    "drift": 0.033445221880428755,
    "drift_values": [
     0.007,
     0.06
    ],
    "drift_abs_max": 0.060002096964559146,
    "amb_ok": true,
    "schmid_ok": true,
    "starved": false,
    "readable_count": "1/2",
    "readable": false
   }
  },
  "R_RSS_coll_over_gliss": 0.9631034052922659,
  "R_L_gliss_over_coll": 0.01966456159559308,
  "R_S_coll_over_gliss": 0.022487049148124976,
  "R_RSS_opp_over_same": 1.0001666774486846,
  "R_RSS_coll_over_hirth": 1.117121285546822
 },
 "hi": {
  "rho_level": "hi",
  "rho_target": 30000000000000.0,
  "types": {
   "coll_opp": {
    "n": 2,
    "tau_RSS_mean": 8.847967886042227,
    "tau_RSS_sd": 0.0006523641905680222,
    "sigma_mean": 21.673006581335393,
    "schmid": 0.408248290463863,
    "L_mf_mean": 4588752.375040892,
    "S_store_mean": -6112697493738.744,
    "rho_forest_settled": 147866212523960.75,
    "plateau": true,
    "drift_ok": true,
    "drift": -0.025733299554574953,
    "drift_values": [
     -0.03,
     -0.022
    ],
    "drift_abs_max": 0.029570593160225558,
    "amb_ok": true,
    "schmid_ok": true,
    "starved": false,
    "readable_count": "2/2",
    "readable": true
   },
   "coll_same": {
    "n": 2,
    "tau_RSS_mean": 8.932349660079888,
    "tau_RSS_sd": 0.04917493161597086,
    "sigma_mean": 21.879698871318492,
    "schmid": 0.408248290463863,
    "L_mf_mean": Infinity,
    "S_store_mean": -11130662223174.379,
    "rho_forest_settled": 148136011024598.75,
    "plateau": true,
    "drift_ok": true,
    "drift": -0.02922689348670622,
    "drift_values": [
     -0.035,
     -0.023
    ],
    "drift_abs_max": 0.03519687495111385,
    "amb_ok": true,
    "schmid_ok": true,
    "starved": false,
    "readable_count": "2/2",
    "readable": true
   },
   "glissile": {
    "n": 2,
    "tau_RSS_mean": 8.948874739664731,
    "tau_RSS_sd": 0.23402705856744976,
    "sigma_mean": 20.15876921118992,
    "schmid": 0.4439196979693237,
    "L_mf_mean": 129601.42602001589,
    "S_store_mean": 118765512139734.28,
    "rho_forest_settled": 150244915131561.0,
    "plateau": true,
    "drift_ok": true,
    "drift": -0.004475668342465313,
    "drift_values": [
     -0.025,
     0.016
    ],
    "drift_abs_max": 0.025122831539923313,
    "amb_ok": true,
    "schmid_ok": true,
    "starved": false,
    "readable_count": "2/2",
    "readable": true
   },
   "hirth": {
    "n": 2,
    "tau_RSS_mean": 7.6933130372398875,
    "tau_RSS_sd": 0.35944069180868965,
    "sigma_mean": 15.643465655446327,
    "schmid": 0.4917908350162442,
    "L_mf_mean": 240397.38801028318,
    "S_store_mean": 66283892149619.84,
    "rho_forest_settled": 151647490568591.38,
    "plateau": true,
    "drift_ok": false,
    "drift": -0.02789879380442685,
    "drift_values": [
     -0.051,
     -0.005
    ],
    "drift_abs_max": 0.0512925019786134,
    "amb_ok": true,
    "schmid_ok": true,
    "starved": false,
    "readable_count": "1/2",
    "readable": false
   }
  },
  "R_RSS_coll_over_gliss": 0.9887240735223114,
  "R_L_gliss_over_coll": 0.028243281708758793,
  "R_S_coll_over_gliss": -0.051468624044215906,
  "R_RSS_opp_over_same": 0.9905532388174663,
  "R_RSS_coll_over_hirth": 1.1500855149417646
 },
 "density_lever": {
  "R_RSS_3e12": 0.9631034052922659,
  "R_RSS_3e13": 0.9887240735223114,
  "G_tau": 1.0266021987766418,
  "R_L_3e12": 0.01966456159559308,
  "R_L_3e13": 0.028243281708758793,
  "G_L": 1.43625280286382,
  "R_RSS_opp_over_same_lo": 1.0001666774486846,
  "R_RSS_opp_over_same_hi": 0.9905532388174663,
  "gates_ok": false,
  "strict_gate_verdict": "AMBIGUOUS",
  "mechanism_verdict": "DRIFT_LIMITED_BOUNDED_NEGATIVE",
  "gate_reasons": [
   "lo_coll_opp gate fail (plateau=True drift_ok=False amb_ok=True schmid_ok=True starved=False)"
  ],
  "mechanism_reasons": [
   "R_RSS coll/glissile ~1 at both densities (0.963,0.989); no density gain (G_tau=1.03)",
   "coll_opp/coll_same ~1 (1.0/0.991)",
   "no growth toward canonical target ~2.3",
   "strict gate AMBIGUOUS (low-density collinear forest drift) limits formal interpretation; result robust to it"
  ]
 }
}