{
 "lo": {
  "rho_level": "lo",
  "rho_target": 3000000000000.0,
  "types": {
   "coll_opp": {
    "n": 2,
    "tau_RSS_mean": 50.583208818666016,
    "tau_RSS_sd": 3.791558581333973,
    "sigma_mean": 123.903051158382,
    "schmid": 0.408248290463863,
    "L_mf_mean": 2363492.8166716173,
    "S_store_mean": 3253384226795.4893,
    "rho_forest_settled": 16570457407603.854,
    "plateau": true,
    "drift_ok": false,
    "drift": 0.01322037728815463,
    "amb_ok": true,
    "schmid_ok": true,
    "starved": false,
    "readable": false
   },
   "coll_same": {
    "n": 2,
    "tau_RSS_mean": 50.53378811962338,
    "tau_RSS_sd": 3.815454430528849,
    "sigma_mean": 123.78199566299591,
    "schmid": 0.408248290463863,
    "L_mf_mean": 13332555.234198278,
    "S_store_mean": 576734925513.7937,
    "rho_forest_settled": 16570176072877.031,
    "plateau": true,
    "drift_ok": false,
    "drift": 0.002639020544024734,
    "amb_ok": true,
    "schmid_ok": true,
    "starved": false,
    "readable": false
   },
   "glissile": {
    "n": 2,
    "tau_RSS_mean": 53.04336634233614,
    "tau_RSS_sd": 3.9112781887983843,
    "sigma_mean": 119.4886520804977,
    "schmid": 0.4439196979693237,
    "L_mf_mean": 27159.91673865641,
    "S_store_mean": 583545033867896.4,
    "rho_forest_settled": 16518787641124.938,
    "plateau": true,
    "drift_ok": true,
    "drift": 0.005783655353529446,
    "amb_ok": true,
    "schmid_ok": true,
    "starved": false,
    "readable": true
   },
   "hirth": {
    "n": 2,
    "tau_RSS_mean": 45.747304664762325,
    "tau_RSS_sd": 3.5052064186717438,
    "sigma_mean": 93.02187313688196,
    "schmid": 0.4917908350162442,
    "L_mf_mean": 2185790.4246924846,
    "S_store_mean": -1350559700225.9155,
    "rho_forest_settled": 16577226225071.309,
    "plateau": true,
    "drift_ok": false,
    "drift": 0.027938552341323458,
    "amb_ok": true,
    "schmid_ok": true,
    "starved": false,
    "readable": false
   }
  },
  "R_RSS_coll_over_gliss": 0.9536198832518936,
  "R_L_gliss_over_coll": 0.011491431895656995,
  "R_S_coll_over_gliss": 0.005575206775784154,
  "R_RSS_opp_over_same": 1.0009779733695334,
  "R_RSS_coll_over_hirth": 1.105709050824772
 },
 "hi": {
  "rho_level": "hi",
  "rho_target": 30000000000000.0,
  "types": {
   "coll_opp": {
    "n": 2,
    "tau_RSS_mean": 8.3230149281076,
    "tau_RSS_sd": 0.1211896994195838,
    "sigma_mean": 20.387139695430832,
    "schmid": 0.408248290463863,
    "L_mf_mean": 4654293.090532742,
    "S_store_mean": 1466970020058.4631,
    "rho_forest_settled": 152746818697502.56,
    "plateau": true,
    "drift_ok": true,
    "drift": -0.030005276856729907,
    "amb_ok": true,
    "schmid_ok": true,
    "starved": false,
    "readable": true
   },
   "coll_same": {
    "n": 2,
    "tau_RSS_mean": 8.343500356129898,
    "tau_RSS_sd": 0.0722903039192877,
    "sigma_mean": 20.437318541247976,
    "schmid": 0.408248290463863,
    "L_mf_mean": 16160371.737901758,
    "S_store_mean": 1691033686722.849,
    "rho_forest_settled": 152499928290361.5,
    "plateau": true,
    "drift_ok": true,
    "drift": -0.030212629080860712,
    "amb_ok": true,
    "schmid_ok": true,
    "starved": false,
    "readable": true
   },
   "glissile": {
    "n": 2,
    "tau_RSS_mean": 8.259097882519296,
    "tau_RSS_sd": 0.004625592626836372,
    "sigma_mean": 18.604936704318142,
    "schmid": 0.4439196979693237,
    "L_mf_mean": 265698.69852640363,
    "S_store_mean": 120330029839335.02,
    "rho_forest_settled": 151755282208118.72,
    "plateau": true,
    "drift_ok": true,
    "drift": 0.030504425412785946,
    "amb_ok": true,
    "schmid_ok": true,
    "starved": false,
    "readable": true
   },
   "hirth": {
    "n": 2,
    "tau_RSS_mean": 7.025579046214064,
    "tau_RSS_sd": 0.04078431402708249,
    "sigma_mean": 14.285705519465413,
    "schmid": 0.4917908350162442,
    "L_mf_mean": 176621.2342601468,
    "S_store_mean": 28740281636558.42,
    "rho_forest_settled": 152090606354160.47,
    "plateau": true,
    "drift_ok": true,
    "drift": 0.017602785530210517,
    "amb_ok": true,
    "schmid_ok": true,
    "starved": false,
    "readable": true
   }
  },
  "R_RSS_coll_over_gliss": 1.0077389863272583,
  "R_L_gliss_over_coll": 0.05708679994108215,
  "R_S_coll_over_gliss": 0.012191221277158873,
  "R_RSS_opp_over_same": 0.9975447441543828,
  "R_RSS_coll_over_hirth": 1.1846731598006426
 },
 "density_lever": {
  "R_RSS_3e12": 0.9536198832518936,
  "R_RSS_3e13": 1.0077389863272583,
  "G_tau": 1.0567512318333965,
  "R_L_3e12": 0.011491431895656995,
  "R_L_3e13": 0.05708679994108215,
  "G_L": 4.967770810411991,
  "R_RSS_opp_over_same_lo": 1.0009779733695334,
  "R_RSS_opp_over_same_hi": 0.9975447441543828,
  "gates_ok": false,
  "verdict": "AMBIGUOUS",
  "reasons": [
   "lo_coll_opp gate fail (plateau=True drift_ok=False amb_ok=True schmid_ok=True starved=False)"
  ]
 }
}