{
 "lo": {
  "rho_level": "lo",
  "rho_target": 3000000000000.0,
  "types": {
   "coll_opp": {
    "n": 3,
    "tau_RSS_mean": 52.53194427916998,
    "tau_RSS_sd": 4.144765868800795,
    "sigma_mean": 128.6764586802843,
    "schmid": 0.408248290463863,
    "L_mf_mean": 2363492.8166716173,
    "S_store_mean": 1915995026636.135,
    "rho_forest_settled": 16130163570368.54,
    "plateau": true,
    "drift_ok": false,
    "drift": -0.025119805758244098,
    "drift_values": [
     0.093,
     -0.067,
     -0.102
    ],
    "drift_abs_max": 0.10180017185104155,
    "amb_ok": true,
    "schmid_ok": true,
    "starved": false,
    "readable_count": "0/3",
    "readable": false
   },
   "coll_same": {
    "n": 3,
    "tau_RSS_mean": 52.44276461219354,
    "tau_RSS_sd": 4.122318624188626,
    "sigma_mean": 128.45801400076073,
    "schmid": 0.408248290463863,
    "L_mf_mean": 13332555.234198278,
    "S_store_mean": 313794794371.40753,
    "rho_forest_settled": 16131076371148.182,
    "plateau": true,
    "drift_ok": false,
    "drift": -0.02852291915764651,
    "drift_values": [
     0.101,
     -0.096,
     -0.091
    ],
    "drift_abs_max": 0.10078638460709409,
    "amb_ok": true,
    "schmid_ok": true,
    "starved": false,
    "readable_count": "0/3",
    "readable": false
   },
   "glissile": {
    "n": 3,
    "tau_RSS_mean": 54.54963996293364,
    "tau_RSS_sd": 3.838808645964147,
    "sigma_mean": 122.881773916469,
    "schmid": 0.4439196979693237,
    "L_mf_mean": 20920.71016010271,
    "S_store_mean": 996238404150242.0,
    "rho_forest_settled": 16084594346844.33,
    "plateau": true,
    "drift_ok": true,
    "drift": -0.011708406543405806,
    "drift_values": [
     0.003,
     0.008,
     -0.047
    ],
    "drift_abs_max": 0.04669253033727631,
    "amb_ok": true,
    "schmid_ok": true,
    "starved": false,
    "readable_count": "3/3",
    "readable": true
   },
   "hirth": {
    "n": 3,
    "tau_RSS_mean": 47.61810189513775,
    "tau_RSS_sd": 3.8975307455737167,
    "sigma_mean": 96.82592375590912,
    "schmid": 0.4917908350162442,
    "L_mf_mean": 2185790.4246924846,
    "S_store_mean": -6029471517586.163,
    "rho_forest_settled": 16142156918095.078,
    "plateau": true,
    "drift_ok": false,
    "drift": 0.03968061151743394,
    "drift_values": [
     0.006,
     0.05,
     0.063
    ],
    "drift_abs_max": 0.0631647298696549,
    "amb_ok": true,
    "schmid_ok": true,
    "starved": false,
    "readable_count": "1/3",
    "readable": false
   }
  },
  "R_RSS_coll_over_gliss": 0.9630117506708626,
  "R_L_gliss_over_coll": 0.00885160725369339,
  "R_S_coll_over_gliss": 0.0019232294385101672,
  "R_RSS_opp_over_same": 1.0017005142203297,
  "R_RSS_coll_over_hirth": 1.1031927394933392
 },
 "hi": {
  "rho_level": "hi",
  "rho_target": 30000000000000.0,
  "types": {
   "coll_opp": {
    "n": 2,
    "tau_RSS_mean": 8.3230149281076,
    "tau_RSS_sd": 0.1211896994195838,
    "sigma_mean": 20.387139695430832,
    "schmid": 0.408248290463863,
    "L_mf_mean": 4654293.090532742,
    "S_store_mean": 1466970020058.4631,
    "rho_forest_settled": 152746818697502.56,
    "plateau": true,
    "drift_ok": true,
    "drift": -0.030005276856729907,
    "drift_values": [
     -0.029,
     -0.031
    ],
    "drift_abs_max": 0.0314886327702686,
    "amb_ok": true,
    "schmid_ok": true,
    "starved": false,
    "readable_count": "2/2",
    "readable": true
   },
   "coll_same": {
    "n": 2,
    "tau_RSS_mean": 8.343500356129898,
    "tau_RSS_sd": 0.0722903039192877,
    "sigma_mean": 20.437318541247976,
    "schmid": 0.408248290463863,
    "L_mf_mean": 16160371.737901758,
    "S_store_mean": 1691033686722.849,
    "rho_forest_settled": 152499928290361.5,
    "plateau": true,
    "drift_ok": true,
    "drift": -0.030212629080860712,
    "drift_values": [
     -0.024,
     -0.036
    ],
    "drift_abs_max": 0.03600256862961489,
    "amb_ok": true,
    "schmid_ok": true,
    "starved": false,
    "readable_count": "2/2",
    "readable": true
   },
   "glissile": {
    "n": 2,
    "tau_RSS_mean": 8.259097882519296,
    "tau_RSS_sd": 0.004625592626836372,
    "sigma_mean": 18.604936704318142,
    "schmid": 0.4439196979693237,
    "L_mf_mean": 265698.69852640363,
    "S_store_mean": 120330029839335.02,
    "rho_forest_settled": 151755282208118.72,
    "plateau": true,
    "drift_ok": true,
    "drift": 0.030504425412785946,
    "drift_values": [
     0.018,
     0.043
    ],
    "drift_abs_max": 0.04256090100128605,
    "amb_ok": true,
    "schmid_ok": true,
    "starved": false,
    "readable_count": "2/2",
    "readable": true
   },
   "hirth": {
    "n": 2,
    "tau_RSS_mean": 7.025579046214064,
    "tau_RSS_sd": 0.04078431402708249,
    "sigma_mean": 14.285705519465413,
    "schmid": 0.4917908350162442,
    "L_mf_mean": 176621.2342601468,
    "S_store_mean": 28740281636558.42,
    "rho_forest_settled": 152090606354160.47,
    "plateau": true,
    "drift_ok": true,
    "drift": 0.017602785530210517,
    "drift_values": [
     -0.002,
     0.037
    ],
    "drift_abs_max": 0.037179558263316245,
    "amb_ok": true,
    "schmid_ok": true,
    "starved": false,
    "readable_count": "2/2",
    "readable": true
   }
  },
  "R_RSS_coll_over_gliss": 1.0077389863272583,
  "R_L_gliss_over_coll": 0.05708679994108215,
  "R_S_coll_over_gliss": 0.012191221277158873,
  "R_RSS_opp_over_same": 0.9975447441543828,
  "R_RSS_coll_over_hirth": 1.1846731598006426
 },
 "density_lever": {
  "R_RSS_3e12": 0.9630117506708626,
  "R_RSS_3e13": 1.0077389863272583,
  "G_tau": 1.0464451608458956,
  "R_L_3e12": 0.00885160725369339,
  "R_L_3e13": 0.05708679994108215,
  "G_L": 6.449314605238762,
  "R_RSS_opp_over_same_lo": 1.0017005142203297,
  "R_RSS_opp_over_same_hi": 0.9975447441543828,
  "gates_ok": false,
  "strict_gate_verdict": "AMBIGUOUS",
  "mechanism_verdict": "DRIFT_LIMITED_BOUNDED_NEGATIVE",
  "gate_reasons": [
   "lo_coll_opp gate fail (plateau=True drift_ok=False amb_ok=True schmid_ok=True starved=False)"
  ],
  "mechanism_reasons": [
   "R_RSS coll/glissile ~1 at both densities (0.963,1.008); no density gain (G_tau=1.05)",
   "coll_opp/coll_same ~1 (1.002/0.998)",
   "no growth toward canonical target ~2.3",
   "strict gate AMBIGUOUS (low-density collinear forest drift) limits formal interpretation; result robust to it"
  ]
 }
}