{
 "pfc_inputs": {
  "y_ann_over_b": 7.0,
  "mobility_M": 1.5317175851842895,
  "multiplication_threshold_sigma_over_E": 0.07
 },
 "km_coeffs": {
  "k1": 0.18016808687889202,
  "k2": 14.0,
  "rho_sat_over_b2": 0.0001656149975999999,
  "rho_sat_m2": 2534999999999999.5
 },
 "roi_anchor": {
  "rho0_m2": 1500000000000000.0,
  "b_m": 2.556e-10
 },
 "curve": {
  "gamma": [
   0.0,
   0.02,
   0.04,
   0.060000000000000005,
   0.08,
   0.1,
   0.12000000000000001,
   0.14,
   0.16,
   0.18000000000000002,
   0.2,
   0.22,
   0.24000000000000002,
   0.26,
   0.28,
   0.3,
   0.32,
   0.34,
   0.36000000000000004,
   0.38,
   0.4,
   0.42000000000000004,
   0.44,
   0.46,
   0.48000000000000004
  ],
  "rho_b2": [
   4.932873511032144e-06,
   1.3039157080040483e-05,
   2.323299386766207e-05,
   3.447413687111557e-05,
   4.604500978058887e-05,
   5.746338641745477e-05,
   6.841720447658747e-05,
   7.8716218415224e-05,
   8.825631460125935e-05,
   9.699330340056954e-05,
   0.00010492378158211237,
   0.0001120712540339563,
   0.00011847615535665351,
   0.00012418875292723178,
   0.00012926416999498703,
   0.00013375896068921445,
   0.0001377288140537489,
   0.00014122707318598172,
   0.00014430383719023516,
   0.00014700547471464974,
   0.00014937442342883257,
   0.00015144918376481015,
   0.00015326444048714542,
   0.0001548512643643975,
   0.00015623736002804827
  ],
  "rho_m2": [
   75505446557857.44,
   199584963179099.38,
   355617790103590.0,
   527681298401190.2,
   704791845456590.6,
   879568195388168.6,
   1047233740068896.2,
   1204876469971297.5,
   1350902760959811.2,
   1484636220653750.0,
   1606024757208672.8,
   1715428150186316.8,
   1813465315227687.5,
   1900905674200442.2,
   1978592975792744.2,
   2047392870578761.5,
   2108157767628730.5,
   2161704167584782.5,
   2208798916634143.2,
   2250151760420260.2,
   2286412274730430.0,
   2318169769691159.0,
   2345955150591468.5,
   2370244004784188.5,
   2391460395559625.5
  ],
  "flow_stress_MPa": [
   34.98086527418112,
   56.872892516273,
   75.9159702651354,
   92.47562153125061,
   106.87394555595542,
   119.39225809565656,
   130.27564156615568,
   139.7374034774745,
   147.96311040517799,
   155.11415578471156,
   161.3308884520033,
   166.73534554436344,
   171.43363522996253,
   175.51801196176825,
   179.06868282695737,
   182.15537923972556,
   184.83872412513583,
   187.17142100811645,
   189.19928808799125,
   190.96215743283483,
   192.4946568396504,
   193.82688964036495,
   194.98502575413963,
   195.991815559715,
   196.86703665661682
  ]
 },
 "note": "PFC supplies y_ann and mobility form; KM storage anchored to the DAMASK ROI density; Taylor alpha from literature (PFC forest geometry inconclusive). Demonstrates the PFC->CP density-evolution transfer at the dimensionless/form level."
}