{
 "-0.35": {
  "flow_at_8pct": [
   0.010947955646938111,
   0.00850469139091719,
   0.006910523537986356
  ],
  "m": 0.16594864433241985
 },
 "-0.21": {
  "flow_at_8pct": [
   0.0036846193878631826,
   0.002147428048567439,
   0.0013023150342009778
  ],
  "m": 0.3751092792156924
 },
 "diffusive_reference": {
  "-0.35": 0.186,
  "-0.21": 0.402
 }
}