{
 "file": "event_10.50pct.npz",
 "n_cores": 8,
 "cores_xy": [
  [
   451.30326625744055,
   179.10807673794267
  ],
  [
   444.7940845325736,
   177.33121089728849
  ],
  [
   885.2487145819026,
   363.54675099784794
  ],
  [
   881.777150995307,
   371.72033386485725
  ],
  [
   880.041369202009,
   724.9612629869109
  ],
  [
   886.9844963752005,
   723.1843971462566
  ],
  [
   446.095920877547,
   909.3999372468161
  ],
  [
   450.0014299124672,
   917.5735201138253
  ]
 ]
}