{
 "r=-0.35": {
  "mult_onset_pct": 11.056508163602686,
  "sigma_peak": 0.025457513371334044,
  "eps_peak_pct": 11.891516019615667,
  "final_cores": 21,
  "final_sigma": 0.0200814439638535
 },
 "r=-0.25": {
  "mult_onset_pct": 15.583040558729856,
  "sigma_peak": 0.014859421074226978,
  "eps_peak_pct": 12.45167292168885,
  "final_cores": 39,
  "final_sigma": 0.008594377986216196
 },
 "r=-0.15": {
  "mult_onset_pct": 0.24999999999999467,
  "sigma_peak": 0.0005678835329233162,
  "eps_peak_pct": 2.272631743420006,
  "final_cores": 47,
  "final_sigma": 7.75467014302366e-05
 }
}