{
 "-0.2": {
  "m": 0.14072170999847738,
  "lo": 0.12943264375817748,
  "hi": 0.15299222191267411,
  "flow": [
   0.000916263058063676,
   0.0007397210936516159,
   0.0006202608272093345
  ]
 },
 "-0.25": {
  "m": 0.1720286516193984,
  "lo": 0.15664345344312358,
  "hi": 0.18906582406354963,
  "flow": [
   0.0012553449674300805,
   0.0009744176628416283,
   0.0007791479796412844
  ]
 },
 "-0.3": {
  "m": 0.5826728443403959,
  "lo": 0.5071509517514181,
  "hi": 0.6707189931213685,
  "flow": [
   0.0017116833717479537,
   0.001060585881728403,
   0.00034026354041029046
  ]
 },
 "-0.35": {
  "m": 0.2410258283956574,
  "lo": 0.21276220329116236,
  "hi": 0.2691025274160673,
  "flow": [
   0.002310391900577853,
   0.0017122000283485133,
   0.0011842997486327007
  ]
 }
}